<?xml version="1.0" encoding="utf-8"?>
<scene version="0.5.0">
	<integrator type="bdpt">
		<integer name="maxDepth" value="20"/>
	</integrator>
	<sensor type="perspective">
		<float name="farClip" value="100"/>
		<float name="focusDistance" value="7"/>
		<float name="fov" value="44.5513"/>
		<string name="fovAxis" value="x"/>
		<float name="nearClip" value="0.1"/>
		<transform name="toWorld">
			<lookat target="-0.261616, 5.64477, 0.309317" origin="-0.223944, 120.64245, 0.366128" up="0, 0, 1"/>
		</transform>
		<sampler type="ldsampler">
			<integer name="sampleCount" value="64"/>
		</sampler>
		<film type="hdrfilm">
			<integer name="height" value="720"/>
			<integer name="width" value="1280"/>
		</film>
	</sensor>
	<bsdf type="dielectric" id="Water_Drop">
		<float name="extIOR" value="1.00028"/>
		<float name="intIOR" value="1.333"/>
	</bsdf>
	<emitter type="envmap">
		<string name="filename" value="sky.hdr"/>
		<transform name="toWorld">
			<rotate x="1" angle="120"/>
			<rotate z="1" angle="75"/>
			<rotate y="1" angle="-30"/>
		</transform>
	</emitter>
	<shape type="serialized" id="Glass_Final">
		<string name="filename" value="bidir.serialized"/>
		<integer name="shapeIndex" value="10"/>
		<transform name="toWorld">
			<rotate x="0" y="0" z="1" angle="90"/>
			<rotate x="1" y="0" z="0" angle="90"/>
			<rotate x="0" y="1" z="0" angle="90"/>
			<translate x="0" y="0" z="-0.02"/>
			<scale x="20" y="0.02" z="60"/>
		</transform>
		<bsdf type="roughdielectric">
			<string name="distribution" value="beckmann"/>
			<float name="alpha" value="0.05"/> 
			<float name="intIOR" value="1.50"/> 
			<float name="extIOR" value="1.00028"/>
		</bsdf>
		<medium type="homogeneous" name="interior">
			<rgb name="sigmaS" value="0, 0, 0"/>
			<rgb name="sigmaA" value="4, 4, 2"/>
		</medium>
	</shape>
	<shape type="sphere">
		<ref id="Water_Drop"/>
		<transform name="toWorld">
			<scale x="1" y="1" z="1"/>
		</transform>
	</shape>
	<shape type="obj">
		<string name="filename" value="dynamic_drop_11n.obj"/>
		<transform name="toWorld">
			<translate x="10" y="30" z="0"/>
			<rotate x="0" y="0" z="1" angle="-90"/>
			<rotate x="1" y="0" z="0" angle="-90"/>
			<rotate x="0" y="1" z="0" angle="90"/>
		</transform>
		<ref id="Water_Drop"/>
	</shape>
	<shape type="obj">
		<string name="filename" value="dynamic_drop_6n.obj"/>
		<transform name="toWorld">
			<translate x="10" y="0" z="0"/>
			<rotate x="0" y="0" z="1" angle="-90"/>
			<rotate x="1" y="0" z="0" angle="90"/>
			<rotate x="0" y="1" z="0" angle="90"/>
		</transform>
		<ref id="Water_Drop"/>
	</shape>

















































































</scene>
